{
    "links_ws": {
      "0_to_7": 0.9472596960535595,
      "0_to_8": 0.6636679717131329,
      "0_to_9": 0.04692700579398094,
      "0_to_10": -0.2367217540028489,
      "0_to_11": 0.3325865610731388,
      "0_to_12": -1.900896070994421,
      "0_to_13": -0.21333963280183266,
      "0_to_14": 0.5009479530126633,
      "0_to_15": -0.45265717222406704,
      "0_to_16": -0.48185274974157694,
      "0_to_17": 0.3404394542343196,
      "0_to_18": 1.219856104794533,
      "1_to_7": -0.1455860473143994,
      "1_to_8": -0.888211538618964,
      "1_to_9": 0.4477578580140214,
      "1_to_10": 0.6244831354968167,
      "1_to_11": 1.4052886268061684,
      "1_to_12": -2.1025516066973746,
      "1_to_13": -1.4461192983917328,
      "1_to_14": -1.308388355407132,
      "1_to_15": 1.5985794520376,
      "1_to_16": -4.694763530232829,
      "1_to_17": -0.7076677841799371,
      "1_to_18": 2.3198701162884796,
      "2_to_7": 0.8658396257793114,
      "2_to_8": -0.8511875467730907,
      "2_to_9": 0.5726939842490879,
      "2_to_10": 1.4135749869858811,
      "2_to_11": 0.26824673225898754,
      "2_to_12": -0.08523028998785664,
      "2_to_13": -0.473915406413651,
      "2_to_14": 1.0659358591919958,
      "2_to_15": -0.9440030500605591,
      "2_to_16": -0.4681295743703485,
      "2_to_17": -1.3885658425988294,
      "2_to_18": 0.2678658984169734,
      "3_to_7": -2.9473100764191082,
      "3_to_8": 0.2151344636654018,
      "3_to_9": 0.7908135081084336,
      "3_to_10": 0.8207556572840973,
      "3_to_11": 1.0607361456126645,
      "3_to_12": 1.1823477780802256,
      "3_to_13": -1.57815059893768,
      "3_to_14": 1.3251147747345358,
      "3_to_15": -0.0568739911960476,
      "3_to_16": 1.5512628306052645,
      "3_to_17": -0.6321300894287447,
      "3_to_18": -0.39835935227731706,
      "4_to_7": 2.1502591541271716,
      "4_to_8": -0.4304769382262554,
      "4_to_9": -0.6442518749079033,
      "4_to_10": 0.21853561327827722,
      "4_to_11": 2.7437672390461887,
      "4_to_12": -1.1113456104324504,
      "4_to_13": 0.044558568927144195,
      "4_to_14": -0.4835077983227356,
      "4_to_15": 1.4768260461893112,
      "4_to_16": 0.485845307337452,
      "4_to_17": 1.7673260246567852,
      "4_to_18": -1.613642976070876,
      "5_to_7": -1.8365386774297638,
      "5_to_8": -1.3482649669615316,
      "5_to_9": -0.8092448774934644,
      "5_to_10": -2.164540768792347,
      "5_to_11": -0.8945425292607219,
      "5_to_12": -5.824318151817507,
      "5_to_13": -3.5677050624737503,
      "5_to_14": 0.2750492327831148,
      "5_to_15": -0.05549960944976493,
      "5_to_16": 1.5348848134338775,
      "5_to_17": -0.40778983470423597,
      "5_to_18": -1.1409201371641118,
      "6_to_7": -1.5680329394451342,
      "6_to_8": 0.1871808227250072,
      "6_to_9": -1.1754327600251964,
      "6_to_10": 0.8258620863728102,
      "6_to_11": -1.0139960065798486,
      "6_to_12": 0.3783339143451548,
      "6_to_13": -1.299182113316398,
      "6_to_14": -0.31341940890772746,
      "6_to_15": -1.1626333379317526,
      "6_to_16": 3.0704189360412504,
      "6_to_17": -0.5034778804265221,
      "6_to_18": 0.09765663345204892,
      "7_to_7": 0.38155853120707794,
      "8_to_8": -0.6477816645481309,
      "9_to_9": -0.2121415202443533,
      "10_to_10": 0.6998363885575092,
      "11_to_11": 0.9933777474067362,
      "12_to_12": 0.44380107381346035,
      "13_to_13": -0.6307083585501134,
      "14_to_14": -0.1281383111348502,
      "15_to_15": -0.4262835889150942,
      "16_to_16": 0.5070872065791043,
      "17_to_17": -0.6202998821464925,
      "18_to_18": -0.1349602650884707,
      "7_to_19": -0.49610993418611615,
      "7_to_20": 0.5844134773047046,
      "7_to_21": 0.24039316118539816,
      "7_to_22": 2.4762058876616972,
      "7_to_23": -2.995716960497759,
      "7_to_24": -0.5579867838748155,
      "7_to_25": 0.14101270610211886,
      "7_to_26": 1.1883617386139638,
      "8_to_19": -0.29736910209915557,
      "8_to_20": -0.7121277454772433,
      "8_to_21": -0.9781430824188445,
      "8_to_22": 0.061141768034280085,
      "8_to_23": -1.033478885734917,
      "8_to_24": -0.5191988298752218,
      "8_to_25": 0.1512075247334751,
      "8_to_26": 0.33162401578598255,
      "9_to_19": 0.2193922350304991,
      "9_to_20": 0.8096706863736469,
      "9_to_21": -0.35440255634894724,
      "9_to_22": -0.6523552919276995,
      "9_to_23": -0.7421782785335667,
      "9_to_24": -0.37663897479654557,
      "9_to_25": -0.2859482181135453,
      "9_to_26": 0.32071103544603685,
      "10_to_19": 0.3240223102089716,
      "10_to_20": -0.9015354488541069,
      "10_to_21": 0.6284405139515276,
      "10_to_22": 0.08651503562463488,
      "10_to_23": 0.893641162556179,
      "10_to_24": 0.1794141552544953,
      "10_to_25": -0.937978042315698,
      "10_to_26": 0.3725929695013611,
      "11_to_19": 0.23574655350977575,
      "11_to_20": -1.556147210671208,
      "11_to_21": -0.16686407837081046,
      "11_to_22": -0.9844861178789136,
      "11_to_23": 2.8655935387583398,
      "11_to_24": 0.7800257258643696,
      "11_to_25": -0.937518017824057,
      "11_to_26": 0.92101748683805,
      "12_to_19": 0.5477319569709002,
      "12_to_20": 0.42177090255387256,
      "12_to_21": -0.2018820483245067,
      "12_to_22": -1.4831352437461314,
      "12_to_23": 2.474937287835348,
      "12_to_24": 1.1364166302669088,
      "12_to_25": -0.13573903316642746,
      "12_to_26": -0.7119160495348987,
      "13_to_19": -0.8245586376791039,
      "13_to_20": 0.6967518169707586,
      "13_to_21": -0.7495271646946623,
      "13_to_22": 1.4238504426638956,
      "13_to_23": -2.995134052765844,
      "13_to_24": 0.7757320011280496,
      "13_to_25": -0.3189697147675448,
      "13_to_26": 0.9180016132569987,
      "14_to_19": -0.848295327137699,
      "14_to_20": -1.0894810836316227,
      "14_to_21": -0.28255308256027284,
      "14_to_22": 1.7960054383047184,
      "14_to_23": 0.2442979694544941,
      "14_to_24": -0.16474400935002317,
      "14_to_25": -0.4543445563125318,
      "14_to_26": -0.8604858775905155,
      "15_to_19": -0.3103635069567545,
      "15_to_20": -0.7757400692873263,
      "15_to_21": -0.8531320609425068,
      "15_to_22": -0.939616403135484,
      "15_to_23": 1.502474267777789,
      "15_to_24": -1.0117145702477692,
      "15_to_25": 0.1349377825377794,
      "15_to_26": 0.037934681872440264,
      "16_to_19": -0.9370765113842268,
      "16_to_20": 0.6259789715787837,
      "16_to_21": -0.7906300037164995,
      "16_to_22": 1.0008364230426912,
      "16_to_23": -1.3003018197857612,
      "16_to_24": 0.2361209952136025,
      "16_to_25": 0.1338944433434305,
      "16_to_26": 0.49506196737456043,
      "17_to_19": -0.7332763218435607,
      "17_to_20": -1.3580559371511223,
      "17_to_21": -0.21786575110176026,
      "17_to_22": 1.633939765199282,
      "17_to_23": 1.2774452184811576,
      "17_to_24": -0.2389584730105073,
      "17_to_25": 0.824270011309973,
      "17_to_26": 0.5832589263962477,
      "18_to_19": -0.8757276265918716,
      "18_to_20": -2.646840550166381,
      "18_to_21": -0.1593109093370435,
      "18_to_22": 1.3355857392675674,
      "18_to_23": 1.4845005933149509,
      "18_to_24": -0.39473912112712833,
      "18_to_25": -0.970001150585327,
      "18_to_26": -1.0966047834236354,
      "19_to_19": -0.527043263256846,
      "20_to_20": -0.1725115310617693,
      "21_to_21": -0.9024383191783611,
      "22_to_22": 0.6540779379980028,
      "23_to_23": -0.6598947157152129,
      "24_to_24": -0.7473180662787069,
      "25_to_25": -0.34838262878737636,
      "26_to_26": -0.308095176064898,
      "19_to_27": 0.04348282481550542,
      "19_to_28": -0.6490538139998311,
      "19_to_29": 0.7562852502644173,
      "19_to_30": 0.4443725354046232,
      "19_to_31": 0.7397509609610627,
      "19_to_32": -0.43862647103176916,
      "19_to_33": 0.37086037949270123,
      "19_to_34": 0.058076297385431436,
      "20_to_27": -0.448792852939493,
      "20_to_28": -1.4850185373419185,